{"8781b60f-ee4a-4648-8102-e8ec5382851d": {"x": -1175.5112055349964, "y": -584.1838266534489}, "ddb8df8d-55c1-4eef-81a8-5e782eb6a112": {"x": -908.8185890192916, "y": -450.043790370252}, "5a7b7fa6-81dc-4671-997b-01edbf016d6f": {"x": -738.1670635702546, "y": -585.7712827041373}, "e4859759-ac16-465b-ad82-16bf74e03bd1": {"x": -954.8548144892644, "y": -585.7712827041373}, "8fb20081-2e6e-411f-8e09-8caec17c1f53": {"x": -908.8185890192918, "y": -322.2535782898099}, "bc0a8557-9b50-4939-94c8-f70990cc50fb": {"x": -907.2311329686031, "y": -199.2257343614343}, "c6152297-d8fe-4122-b071-77322f6f583c": {"x": -588.1524667801705, "y": -413.5323012044114}}