{"a29feed6-779c-42ac-a9ab-8a8dc850d9b8": {"x": -1735.8428536204485, "y": -984.3017999506862}, "8b3d7d48-8756-4fa5-af76-5623e31c4ce5": {"x": -1512.287334593573, "y": -984.3017999506859}}