{"f9f4f27e-3764-4566-8312-b18efbf42f3f": {"x": -962.4937874454298, "y": -397.2607983688726}, "03cce5a4-08b7-4693-8b10-013e1ceeb2cf": {"x": -963.5858227680523, "y": -314.3162980363665}, "b336af2e-4c18-49fd-802d-6fd9059a7577": {"x": -632.6012361994545, "y": -368.28980375978284}}