{"a1b60234-5e74-4807-9e27-4c55bd58aff9": {"x": -544.4234404536862, "y": -454.4423440453687}, "f9f4f27e-3764-4566-8312-b18efbf42f3f": {"x": -1091.8714555765598, "y": -471.07750472589805}, "35388464-0e05-49cb-9150-9e0c2529bcbe": {"x": -861.24763705104, "y": -395.46313799621925}, "12b39c90-315a-4837-8651-7d16bf19e208": {"x": -835.5387523629491, "y": -239.69754253308133}}