{"a1b60234-5e74-4807-9e27-4c55bd58aff9": {"x": -820.6407932735233, "y": -395.7064701698861}, "f9f4f27e-3764-4566-8312-b18efbf42f3f": {"x": -1091.0777275512157, "y": -394.8796142928396}}