{"c80d2acc-419a-4311-b0df-1ce5e64cbb23": {"x": -1807.7746885833396, "y": -1000.9430448483098}, "37a59ac6-db38-4081-aa2c-dbe856ac5528": {"x": -1569.3844849874783, "y": -1006.2458063143448}, "1db017e7-3d6c-44d1-acff-91898b018782": {"x": -1798.2296850857247, "y": -795.3492493610597}, "d12e2421-da60-4fea-a2af-4704d4e478e4": {"x": -1315.859900564912, "y": -817.78505329226}, "1fa61d9d-740a-4c98-9c02-f7d7c695d1d8": {"x": -1548.0704712528388, "y": -814.4196827025801}, "06d8c159-4b9a-48ce-a6f1-3bb51627191f": {"x": -1793.7425242994843, "y": -587.8180629974544}, "4cdb2993-972a-41e7-b5df-ade34d46cda3": {"x": -1566.0191143977986, "y": -588.9398531940145}}