{"c5f642c8-60cc-47f3-9e20-998ff8519e73": {"x": -1637.8729349880825, "y": -954.7135694912467}, "ea92a4ec-e88c-42a4-9e00-ce2fbd4b0065": {"x": -1413.6598997287742, "y": -955.3710857236786}}