{"98f1c74f-adfe-4d5c-b645-ff2fa91a82d9": {"x": -983.4290234016613, "y": -529.416592904688}, "8b5743a9-781d-4b21-913c-11778fafebf3": {"x": -736.5796075195657, "y": -546.0848814369194}, "2088f775-7731-494d-89e7-1817e9c976f3": {"x": -506.3984801697014, "y": -545.291153411575}, "9786895b-e2a6-426d-9ae1-f2b07f2095b3": {"x": -1194.5606781432612, "y": -527.0354088286548}}