{"8781b60f-ee4a-4648-8102-e8ec5382851d": {"x": -1078.7569001015636, "y": -425.30307246802244}, "5a7b7fa6-81dc-4671-997b-01edbf016d6f": {"x": -1078.3348321467445, "y": -328.09929033931115}, "e4859759-ac16-465b-ad82-16bf74e03bd1": {"x": -864.2113072937327, "y": -424.853595772744}, "0a5525c4-f679-414c-a2b9-43d737bcab4d": {"x": -650.8000123364582, "y": -424.7004775341206}, "408e2007-9244-4d7c-b5f3-4de3506939e8": {"x": -863.6594842900101, "y": -327.9461721006879}, "af2398c0-7320-42f4-993c-f534967ecfe5": {"x": -655.8923442013756, "y": -329.9831048466546}}